"0","transcriptPartialDataEcon <- list("
"0","  學號=transcriptData[[1]][logicFromEcon],"
"0","  學分數=transcriptData[[7]][logicFromEcon],"
"0","  ""必選修類別(必/選/通)""=transcriptData[[8]][logicFromEcon]"
"0",")"
"2","Warning message:
"
"2","In strsplit(code, ""\n"", fixed = TRUE) :"
"2","
 "
"2"," input string 1 is invalid in this locale
"
"0","transcriptPartialDataEcon"
"1","$學號
"
"1","   [1]"
"1"," ""5bdS6977b"""
"1"," ""5bdS6977b"""
"1"," ""5bdS6977b"""
"1"," ""5bdS6977b"""
"1"," ""5bdS6977b"""
"1"," ""5bdS6977b"""
"1"," ""5bdS6977b"""
"1"," ""5bdS6977b"""
"1","
"
"1","   [9]"
"1"," ""5bdS6977b"""
"1"," ""5bdS6977b"""
"1"," ""5bdS6977b"""
"1"," ""5bdS6977b"""
"1"," ""5bdS6977b"""
"1"," ""5bdS6977b"""
"1"," ""5bdS6977b"""
"1"," ""5bdS6977b"""
"1","
"
"1","  [17]"
"1"," ""5bdS6977b"""
"1"," ""5bdS6977b"""
"1"," ""5bdS6977b"""
"1"," ""5bdS6977b"""
"1"," ""5bdS6977b"""
"1"," ""5bdS6977b"""
"1"," ""5bdS6977b"""
"1"," ""5bdS6977b"""
"1","
"
"1","  [25]"
"1"," ""5bdS6977b"""
"1"," ""5bdS6977b"""
"1"," ""5bdS6977b"""
"1"," ""5bdS6977b"""
"1"," ""5bdS6977b"""
"1"," ""5bdS6977b"""
"1"," ""5bdS6977b"""
"1"," ""5bdS6977b"""
"1","
"
"1","  [33]"
"1"," ""5bdS6977b"""
"1"," ""5bdS6977b"""
"1"," ""5bdS6977b"""
"1"," ""5bdS6977b"""
"1"," ""5bdS6977b"""
"1"," ""5bdS6977b"""
"1"," ""5bdS6977b"""
"1"," ""5bdS6977b"""
"1","
"
"1","  [41]"
"1"," ""5bdS6977b"""
"1"," ""5bdS6977b"""
"1"," ""5bdS6977b"""
"1"," ""5bdS6977b"""
"1"," ""5bdS6977b"""
"1"," ""5bdS6977b"""
"1"," ""5bdS6977b"""
"1"," ""5bdS6977b"""
"1","
"
"1","  [49]"
"1"," ""5bdS6977b"""
"1"," ""5bdS6977b"""
"1"," ""5bdS6977b"""
"1"," ""5bdS6977b"""
"1"," ""5bdS6977b"""
"1"," ""5bdS6977b"""
"1"," ""5bdS6977b"""
"1"," ""5bdS6977b"""
"1","
"
"1","  [57]"
"1"," ""5bdS6977b"""
"1"," ""5bdS6977b"""
"1"," ""5bdS6977b"""
"1"," ""5bdS6977b"""
"1"," ""5bdS6977b"""
"1"," ""5bdS6977b"""
"1"," ""5bdS6977b"""
"1"," ""5bdS6977b"""
"1","
"
"1","  [65]"
"1"," ""5bdS6977b"""
"1"," ""5bdS6977b"""
"1"," ""33dS6a3d4"""
"1"," ""33dS6a3d4"""
"1"," ""33dS6a3d4"""
"1"," ""33dS6a3d4"""
"1"," ""33dS6a3d4"""
"1"," ""33dS6a3d4"""
"1","
"
"1","  [73]"
"1"," ""33dS6a3d4"""
"1"," ""33dS6a3d4"""
"1"," ""33dS6a3d4"""
"1"," ""33dS6a3d4"""
"1"," ""33dS6a3d4"""
"1"," ""33dS6a3d4"""
"1"," ""33dS6a3d4"""
"1"," ""33dS6a3d4"""
"1","
"
"1","  [81]"
"1"," ""33dS6a3d4"""
"1"," ""33dS6a3d4"""
"1"," ""33dS6a3d4"""
"1"," ""33dS6a3d4"""
"1"," ""33dS6a3d4"""
"1"," ""33dS6a3d4"""
"1"," ""33dS6a3d4"""
"1"," ""33dS6a3d4"""
"1","
"
"1","  [89]"
"1"," ""33dS6a3d4"""
"1"," ""33dS6a3d4"""
"1"," ""33dS6a3d4"""
"1"," ""33dS6a3d4"""
"1"," ""33dS6a3d4"""
"1"," ""33dS6a3d4"""
"1"," ""33dS6a3d4"""
"1"," ""33dS6a3d4"""
"1","
"
"1","  [97]"
"1"," ""33dS6a3d4"""
"1"," ""33dS6a3d4"""
"1"," ""33dS6a3d4"""
"1"," ""33dS6a3d4"""
"1"," ""33dS6a3d4"""
"1"," ""33dS6a3d4"""
"1"," ""33dS6a3d4"""
"1"," ""33dS6a3d4"""
"1","
"
"1"," [105]"
"1"," ""33dS6a3d4"""
"1"," ""33dS6a3d4"""
"1"," ""33dS6a3d4"""
"1"," ""33dS6a3d4"""
"1"," ""33dS6a3d4"""
"1"," ""33dS6a3d4"""
"1"," ""33dS6a3d4"""
"1"," ""33dS6a3d4"""
"1","
"
"1"," [113]"
"1"," ""33dS6a3d4"""
"1"," ""33dS6a3d4"""
"1"," ""33dS6a3d4"""
"1"," ""33dS6a3d4"""
"1"," ""33dS6a3d4"""
"1"," ""33dS6a3d4"""
"1"," ""33dS6a3d4"""
"1"," ""33dS6a3d4"""
"1","
"
"1"," [121]"
"1"," ""33dS6a3d4"""
"1"," ""33dS6a3d4"""
"1"," ""33dS6a3d4"""
"1"," ""33dS6a3d4"""
"1"," ""33dS6a3d4"""
"1"," ""33dS6a3d4"""
"1"," ""33dS6a3d4"""
"1"," ""33dS6a3d4"""
"1","
"
"1"," [129]"
"1"," ""33dS6a3d4"""
"1"," ""33dS6a3d4"""
"1"," ""33dS6a3d4"""
"1"," ""33dS6a3d4"""
"1"," ""33dS6a3d4"""
"1"," ""33dS6a3d4"""
"1"," ""33dS6a3d4"""
"1"," ""33dS6a3d4"""
"1","
"
"1"," [137]"
"1"," ""393S6e2fb"""
"1"," ""393S6e2fb"""
"1"," ""393S6e2fb"""
"1"," ""393S6e2fb"""
"1"," ""393S6e2fb"""
"1"," ""393S6e2fb"""
"1"," ""393S6e2fb"""
"1"," ""393S6e2fb"""
"1","
"
"1"," [145]"
"1"," ""393S6e2fb"""
"1"," ""393S6e2fb"""
"1"," ""393S6e2fb"""
"1"," ""393S6e2fb"""
"1"," ""393S6e2fb"""
"1"," ""393S6e2fb"""
"1"," ""393S6e2fb"""
"1"," ""393S6e2fb"""
"1","
"
"1"," [153]"
"1"," ""393S6e2fb"""
"1"," ""393S6e2fb"""
"1"," ""393S6e2fb"""
"1"," ""393S6e2fb"""
"1"," ""393S6e2fb"""
"1"," ""393S6e2fb"""
"1"," ""393S6e2fb"""
"1"," ""393S6e2fb"""
"1","
"
"1"," [161]"
"1"," ""393S6e2fb"""
"1"," ""393S6e2fb"""
"1"," ""393S6e2fb"""
"1"," ""393S6e2fb"""
"1"," ""393S6e2fb"""
"1"," ""393S6e2fb"""
"1"," ""393S6e2fb"""
"1"," ""393S6e2fb"""
"1","
"
"1"," [169]"
"1"," ""393S6e2fb"""
"1"," ""393S6e2fb"""
"1"," ""393S6e2fb"""
"1"," ""393S6e2fb"""
"1"," ""393S6e2fb"""
"1"," ""393S6e2fb"""
"1"," ""393S6e2fb"""
"1"," ""393S6e2fb"""
"1","
"
"1"," [177]"
"1"," ""393S6e2fb"""
"1"," ""393S6e2fb"""
"1"," ""393S6e2fb"""
"1"," ""393S6e2fb"""
"1"," ""393S6e2fb"""
"1"," ""393S6e2fb"""
"1"," ""393S6e2fb"""
"1"," ""393S6e2fb"""
"1","
"
"1"," [185]"
"1"," ""393S6e2fb"""
"1"," ""393S6e2fb"""
"1"," ""393S6e2fb"""
"1"," ""393S6e2fb"""
"1"," ""393S6e2fb"""
"1"," ""393S6e2fb"""
"1"," ""393S6e2fb"""
"1"," ""393S6e2fb"""
"1","
"
"1"," [193]"
"1"," ""393S6e2fb"""
"1"," ""393S6e2fb"""
"1"," ""393S6e2fb"""
"1"," ""393S6e2fb"""
"1"," ""393S6e2fb"""
"1"," ""393S6e2fb"""
"1"," ""393S6e2fb"""
"1"," ""393S6e2fb"""
"1","
"
"1"," [201]"
"1"," ""393S6e2fb"""
"1"," ""393S6e2fb"""
"1"," ""393S6e2fb"""
"1"," ""36bS6f23a"""
"1"," ""36bS6f23a"""
"1"," ""36bS6f23a"""
"1"," ""36bS6f23a"""
"1"," ""36bS6f23a"""
"1","
"
"1"," [209]"
"1"," ""36bS6f23a"""
"1"," ""36bS6f23a"""
"1"," ""36bS6f23a"""
"1"," ""36bS6f23a"""
"1"," ""36bS6f23a"""
"1"," ""36bS6f23a"""
"1"," ""36bS6f23a"""
"1"," ""36bS6f23a"""
"1","
"
"1"," [217]"
"1"," ""36bS6f23a"""
"1"," ""36bS6f23a"""
"1"," ""36bS6f23a"""
"1"," ""36bS6f23a"""
"1"," ""36bS6f23a"""
"1"," ""36bS6f23a"""
"1"," ""36bS6f23a"""
"1"," ""36bS6f23a"""
"1","
"
"1"," [225]"
"1"," ""36bS6f23a"""
"1"," ""36bS6f23a"""
"1"," ""36bS6f23a"""
"1"," ""36bS6f23a"""
"1"," ""36bS6f23a"""
"1"," ""36bS6f23a"""
"1"," ""36bS6f23a"""
"1"," ""36bS6f23a"""
"1","
"
"1"," [233]"
"1"," ""36bS6f23a"""
"1"," ""36bS6f23a"""
"1"," ""36bS6f23a"""
"1"," ""36bS6f23a"""
"1"," ""36bS6f23a"""
"1"," ""36bS6f23a"""
"1"," ""36bS6f23a"""
"1"," ""36bS6f23a"""
"1","
"
"1"," [241]"
"1"," ""36bS6f23a"""
"1"," ""36bS6f23a"""
"1"," ""36bS6f23a"""
"1"," ""36bS6f23a"""
"1"," ""36bS6f23a"""
"1"," ""36bS6f23a"""
"1"," ""36bS6f23a"""
"1"," ""36bS6f23a"""
"1","
"
"1"," [249]"
"1"," ""36bS6f23a"""
"1"," ""36bS6f23a"""
"1"," ""36bS6f23a"""
"1"," ""36bS6f23a"""
"1"," ""36bS6f23a"""
"1"," ""36bS6f23a"""
"1"," ""36bS6f23a"""
"1"," ""36bS6f23a"""
"1","
"
"1"," [257]"
"1"," ""36bS6f23a"""
"1"," ""36bS6f23a"""
"1"," ""36bS6f23a"""
"1"," ""36bS6f23a"""
"1"," ""36bS6f23a"""
"1"," ""36bS6f23a"""
"1"," ""36bS6f23a"""
"1"," ""36bS6f23a"""
"1","
"
"1"," [265]"
"1"," ""36bS6f23a"""
"1"," ""36bS6f23a"""
"1"," ""36bS6f23a"""
"1"," ""36bS6f23a"""
"1"," ""36bS6f23a"""
"1"," ""36bS6f23a"""
"1"," ""36bS6f23a"""
"1"," ""36bS6f23a"""
"1","
"
"1"," [273]"
"1"," ""36bS6f23a"""
"1"," ""36bS6f23a"""
"1"," ""36bS6f23a"""
"1"," ""36bS6f23a"""
"1"," ""36bS6f23a"""
"1"," ""03dS675ad"""
"1"," ""03dS675ad"""
"1"," ""03dS675ad"""
"1","
"
"1"," [281]"
"1"," ""03dS675ad"""
"1"," ""03dS675ad"""
"1"," ""03dS675ad"""
"1"," ""03dS675ad"""
"1"," ""03dS675ad"""
"1"," ""03dS675ad"""
"1"," ""03dS675ad"""
"1"," ""03dS675ad"""
"1","
"
"1"," [289]"
"1"," ""03dS675ad"""
"1"," ""03dS675ad"""
"1"," ""03dS675ad"""
"1"," ""03dS675ad"""
"1"," ""03dS675ad"""
"1"," ""03dS675ad"""
"1"," ""03dS675ad"""
"1"," ""03dS675ad"""
"1","
"
"1"," [297]"
"1"," ""03dS675ad"""
"1"," ""03dS675ad"""
"1"," ""03dS675ad"""
"1"," ""03dS675ad"""
"1"," ""03dS675ad"""
"1"," ""03dS675ad"""
"1"," ""03dS675ad"""
"1"," ""03dS675ad"""
"1","
"
"1"," [305]"
"1"," ""03dS675ad"""
"1"," ""03dS675ad"""
"1"," ""03dS675ad"""
"1"," ""03dS675ad"""
"1"," ""03dS675ad"""
"1"," ""03dS675ad"""
"1"," ""03dS675ad"""
"1"," ""03dS675ad"""
"1","
"
"1"," [313]"
"1"," ""03dS675ad"""
"1"," ""03dS675ad"""
"1"," ""03dS675ad"""
"1"," ""03dS675ad"""
"1"," ""aceS6c515"""
"1"," ""aceS6c515"""
"1"," ""aceS6c515"""
"1"," ""aceS6c515"""
"1","
"
"1"," [321]"
"1"," ""aceS6c515"""
"1"," ""aceS6c515"""
"1"," ""aceS6c515"""
"1"," ""aceS6c515"""
"1"," ""aceS6c515"""
"1"," ""aceS6c515"""
"1"," ""aceS6c515"""
"1"," ""aceS6c515"""
"1","
"
"1"," [329]"
"1"," ""aceS6c515"""
"1"," ""aceS6c515"""
"1"," ""aceS6c515"""
"1"," ""aceS6c515"""
"1"," ""aceS6c515"""
"1"," ""aceS6c515"""
"1"," ""aceS6c515"""
"1"," ""aceS6c515"""
"1","
"
"1"," [337]"
"1"," ""aceS6c515"""
"1"," ""aceS6c515"""
"1"," ""aceS6c515"""
"1"," ""aceS6c515"""
"1"," ""aceS6c515"""
"1"," ""aceS6c515"""
"1"," ""aceS6c515"""
"1"," ""aceS6c515"""
"1","
"
"1"," [345]"
"1"," ""aceS6c515"""
"1"," ""aceS6c515"""
"1"," ""aceS6c515"""
"1"," ""aceS6c515"""
"1"," ""aceS6c515"""
"1"," ""aceS6c515"""
"1"," ""aceS6c515"""
"1"," ""aceS6c515"""
"1","
"
"1"," [353]"
"1"," ""aceS6c515"""
"1"," ""aceS6c515"""
"1"," ""aceS6c515"""
"1"," ""aceS6c515"""
"1"," ""aceS6c515"""
"1"," ""aceS6c515"""
"1"," ""aceS6c515"""
"1"," ""aceS6c515"""
"1","
"
"1"," [361]"
"1"," ""aceS6c515"""
"1"," ""aceS6c515"""
"1"," ""aceS6c515"""
"1"," ""aceS6c515"""
"1"," ""aceS6c515"""
"1"," ""aceS6c515"""
"1"," ""aceS6c515"""
"1"," ""aceS6c515"""
"1","
"
"1"," [369]"
"1"," ""aceS6c515"""
"1"," ""aceS6c515"""
"1"," ""aceS6c515"""
"1"," ""aceS6c515"""
"1"," ""aceS6c515"""
"1"," ""aceS6c515"""
"1"," ""aceS6c515"""
"1"," ""aceS6c515"""
"1","
"
"1"," [377]"
"1"," ""aceS6c515"""
"1"," ""aceS6c515"""
"1"," ""aceS6c515"""
"1"," ""aceS6c515"""
"1"," ""aceS6c515"""
"1"," ""aceS6c515"""
"1"," ""aceS6c515"""
"1"," ""aceS6c515"""
"1","
"
"1"," [385]"
"1"," ""aceS6c515"""
"1"," ""aceS6c515"""
"1"," ""aceS6c515"""
"1"," ""aceS6c515"""
"1"," ""aceS6c515"""
"1"," ""aceS6c515"""
"1"," ""aceS6c515"""
"1"," ""aceS6c515"""
"1","
"
"1"," [393]"
"1"," ""aceS6c515"""
"1"," ""82eS6bfe3"""
"1"," ""82eS6bfe3"""
"1"," ""82eS6bfe3"""
"1"," ""82eS6bfe3"""
"1"," ""82eS6bfe3"""
"1"," ""82eS6bfe3"""
"1"," ""82eS6bfe3"""
"1","
"
"1"," [401]"
"1"," ""82eS6bfe3"""
"1"," ""82eS6bfe3"""
"1"," ""82eS6bfe3"""
"1"," ""82eS6bfe3"""
"1"," ""82eS6bfe3"""
"1"," ""82eS6bfe3"""
"1"," ""82eS6bfe3"""
"1"," ""82eS6bfe3"""
"1","
"
"1"," [409]"
"1"," ""82eS6bfe3"""
"1"," ""82eS6bfe3"""
"1"," ""82eS6bfe3"""
"1"," ""82eS6bfe3"""
"1"," ""82eS6bfe3"""
"1"," ""82eS6bfe3"""
"1"," ""82eS6bfe3"""
"1"," ""82eS6bfe3"""
"1","
"
"1"," [417]"
"1"," ""82eS6bfe3"""
"1"," ""82eS6bfe3"""
"1"," ""82eS6bfe3"""
"1"," ""82eS6bfe3"""
"1"," ""82eS6bfe3"""
"1"," ""82eS6bfe3"""
"1"," ""82eS6bfe3"""
"1"," ""82eS6bfe3"""
"1","
"
"1"," [425]"
"1"," ""82eS6bfe3"""
"1"," ""82eS6bfe3"""
"1"," ""82eS6bfe3"""
"1"," ""82eS6bfe3"""
"1"," ""82eS6bfe3"""
"1"," ""82eS6bfe3"""
"1"," ""82eS6bfe3"""
"1"," ""82eS6bfe3"""
"1","
"
"1"," [433]"
"1"," ""82eS6bfe3"""
"1"," ""82eS6bfe3"""
"1"," ""82eS6bfe3"""
"1"," ""82eS6bfe3"""
"1"," ""82eS6bfe3"""
"1"," ""82eS6bfe3"""
"1"," ""82eS6bfe3"""
"1"," ""82eS6bfe3"""
"1","
"
"1"," [441]"
"1"," ""82eS6bfe3"""
"1"," ""82eS6bfe3"""
"1"," ""82eS6bfe3"""
"1"," ""82eS6bfe3"""
"1"," ""82eS6bfe3"""
"1"," ""82eS6bfe3"""
"1"," ""82eS6bfe3"""
"1"," ""82eS6bfe3"""
"1","
"
"1"," [449]"
"1"," ""82eS6bfe3"""
"1"," ""82eS6bfe3"""
"1"," ""82eS6bfe3"""
"1"," ""82eS6bfe3"""
"1"," ""82eS6bfe3"""
"1"," ""82eS6bfe3"""
"1"," ""82eS6bfe3"""
"1"," ""82eS6bfe3"""
"1","
"
"1"," [457]"
"1"," ""82eS6bfe3"""
"1"," ""82eS6bfe3"""
"1"," ""82eS6bfe3"""
"1"," ""82eS6bfe3"""
"1"," ""82eS6bfe3"""
"1"," ""82eS6bfe3"""
"1"," ""82eS6bfe3"""
"1"," ""783S61cd8"""
"1","
"
"1"," [465]"
"1"," ""783S61cd8"""
"1"," ""783S61cd8"""
"1"," ""783S61cd8"""
"1"," ""783S61cd8"""
"1"," ""783S61cd8"""
"1"," ""783S61cd8"""
"1"," ""783S61cd8"""
"1"," ""783S61cd8"""
"1","
"
"1"," [473]"
"1"," ""381S62aeb"""
"1"," ""381S62aeb"""
"1"," ""381S62aeb"""
"1"," ""381S62aeb"""
"1"," ""381S62aeb"""
"1"," ""381S62aeb"""
"1"," ""381S62aeb"""
"1"," ""381S62aeb"""
"1","
"
"1"," [481]"
"1"," ""381S62aeb"""
"1"," ""381S62aeb"""
"1"," ""381S62aeb"""
"1"," ""381S62aeb"""
"1"," ""381S62aeb"""
"1"," ""381S62aeb"""
"1"," ""381S62aeb"""
"1"," ""381S62aeb"""
"1","
"
"1"," [489]"
"1"," ""381S62aeb"""
"1"," ""381S62aeb"""
"1"," ""381S62aeb"""
"1"," ""381S62aeb"""
"1"," ""381S62aeb"""
"1"," ""381S62aeb"""
"1"," ""381S62aeb"""
"1"," ""381S62aeb"""
"1","
"
"1"," [497]"
"1"," ""381S62aeb"""
"1"," ""381S62aeb"""
"1"," ""381S62aeb"""
"1"," ""381S62aeb"""
"1"," ""381S62aeb"""
"1"," ""381S62aeb"""
"1"," ""381S62aeb"""
"1"," ""381S62aeb"""
"1","
"
"1"," [505]"
"1"," ""381S62aeb"""
"1"," ""381S62aeb"""
"1"," ""381S62aeb"""
"1"," ""381S62aeb"""
"1"," ""381S62aeb"""
"1"," ""381S62aeb"""
"1"," ""381S62aeb"""
"1"," ""381S62aeb"""
"1","
"
"1"," [513]"
"1"," ""381S62aeb"""
"1"," ""381S62aeb"""
"1"," ""381S62aeb"""
"1"," ""381S62aeb"""
"1"," ""381S62aeb"""
"1"," ""381S62aeb"""
"1"," ""381S62aeb"""
"1"," ""381S62aeb"""
"1","
"
"1"," [521]"
"1"," ""381S62aeb"""
"1"," ""381S62aeb"""
"1"," ""381S62aeb"""
"1"," ""381S62aeb"""
"1"," ""381S62aeb"""
"1"," ""381S62aeb"""
"1"," ""381S62aeb"""
"1"," ""381S62aeb"""
"1","
"
"1"," [529]"
"1"," ""381S62aeb"""
"1"," ""381S62aeb"""
"1"," ""381S62aeb"""
"1"," ""381S62aeb"""
"1"," ""381S62aeb"""
"1"," ""381S62aeb"""
"1"," ""381S62aeb"""
"1"," ""381S62aeb"""
"1","
"
"1"," [537]"
"1"," ""381S62aeb"""
"1"," ""381S62aeb"""
"1"," ""381S62aeb"""
"1"," ""381S62aeb"""
"1"," ""381S62aeb"""
"1"," ""381S62aeb"""
"1"," ""49bS619de"""
"1"," ""49bS619de"""
"1","
"
"1"," [545]"
"1"," ""49bS619de"""
"1"," ""49bS619de"""
"1"," ""49bS619de"""
"1"," ""49bS619de"""
"1"," ""49bS619de"""
"1"," ""49bS619de"""
"1"," ""49bS619de"""
"1"," ""49bS619de"""
"1","
"
"1"," [553]"
"1"," ""49bS619de"""
"1"," ""49bS619de"""
"1"," ""49bS619de"""
"1"," ""49bS619de"""
"1"," ""49bS619de"""
"1"," ""49bS619de"""
"1"," ""49bS619de"""
"1"," ""49bS619de"""
"1","
"
"1"," [561]"
"1"," ""49bS619de"""
"1"," ""49bS619de"""
"1"," ""49bS619de"""
"1"," ""49bS619de"""
"1"," ""49bS619de"""
"1"," ""49bS619de"""
"1"," ""49bS619de"""
"1"," ""49bS619de"""
"1","
"
"1"," [569]"
"1"," ""49bS619de"""
"1"," ""49bS619de"""
"1"," ""49bS619de"""
"1"," ""49bS619de"""
"1"," ""49bS619de"""
"1"," ""49bS619de"""
"1"," ""49bS619de"""
"1"," ""49bS619de"""
"1","
"
"1"," [577]"
"1"," ""49bS619de"""
"1"," ""49bS619de"""
"1"," ""49bS619de"""
"1"," ""49bS619de"""
"1"," ""49bS619de"""
"1"," ""49bS619de"""
"1"," ""49bS619de"""
"1"," ""49bS619de"""
"1","
"
"1"," [585]"
"1"," ""49bS619de"""
"1"," ""49bS619de"""
"1"," ""49bS619de"""
"1"," ""49bS619de"""
"1"," ""49bS619de"""
"1"," ""49bS619de"""
"1"," ""49bS619de"""
"1"," ""49bS619de"""
"1","
"
"1"," [593]"
"1"," ""49bS619de"""
"1"," ""49bS619de"""
"1"," ""49bS619de"""
"1"," ""49bS619de"""
"1"," ""49bS619de"""
"1"," ""49bS619de"""
"1"," ""49bS619de"""
"1"," ""49bS619de"""
"1","
"
"1"," [601]"
"1"," ""49bS619de"""
"1"," ""49bS619de"""
"1"," ""49bS619de"""
"1"," ""49bS619de"""
"1"," ""49bS619de"""
"1"," ""49bS619de"""
"1"," ""49bS619de"""
"1"," ""49bS619de"""
"1","
"
"1"," [609]"
"1"," ""49bS619de"""
"1"," ""49bS619de"""
"1"," ""49bS619de"""
"1"," ""49bS619de"""
"1"," ""49bS619de"""
"1"," ""49bS619de"""
"1"," ""49bS619de"""
"1"," ""102S6ea5a"""
"1","
"
"1"," [617]"
"1"," ""102S6ea5a"""
"1"," ""102S6ea5a"""
"1"," ""102S6ea5a"""
"1"," ""102S6ea5a"""
"1"," ""102S6ea5a"""
"1"," ""102S6ea5a"""
"1"," ""102S6ea5a"""
"1"," ""102S6ea5a"""
"1","
"
"1"," [625]"
"1"," ""102S6ea5a"""
"1"," ""102S6ea5a"""
"1"," ""102S6ea5a"""
"1"," ""102S6ea5a"""
"1"," ""102S6ea5a"""
"1"," ""102S6ea5a"""
"1"," ""102S6ea5a"""
"1"," ""102S6ea5a"""
"1","
"
"1"," [633]"
"1"," ""102S6ea5a"""
"1"," ""102S6ea5a"""
"1"," ""102S6ea5a"""
"1"," ""102S6ea5a"""
"1"," ""102S6ea5a"""
"1"," ""102S6ea5a"""
"1"," ""102S6ea5a"""
"1"," ""102S6ea5a"""
"1","
"
"1"," [641]"
"1"," ""102S6ea5a"""
"1"," ""102S6ea5a"""
"1"," ""102S6ea5a"""
"1"," ""102S6ea5a"""
"1"," ""102S6ea5a"""
"1"," ""102S6ea5a"""
"1"," ""102S6ea5a"""
"1"," ""102S6ea5a"""
"1","
"
"1"," [649]"
"1"," ""102S6ea5a"""
"1"," ""102S6ea5a"""
"1"," ""102S6ea5a"""
"1"," ""102S6ea5a"""
"1"," ""102S6ea5a"""
"1"," ""102S6ea5a"""
"1"," ""102S6ea5a"""
"1"," ""102S6ea5a"""
"1","
"
"1"," [657]"
"1"," ""102S6ea5a"""
"1"," ""102S6ea5a"""
"1"," ""102S6ea5a"""
"1"," ""102S6ea5a"""
"1"," ""102S6ea5a"""
"1"," ""102S6ea5a"""
"1"," ""102S6ea5a"""
"1"," ""102S6ea5a"""
"1","
"
"1"," [665]"
"1"," ""102S6ea5a"""
"1"," ""102S6ea5a"""
"1"," ""102S6ea5a"""
"1"," ""102S6ea5a"""
"1"," ""102S6ea5a"""
"1"," ""102S6ea5a"""
"1"," ""102S6ea5a"""
"1"," ""102S6ea5a"""
"1","
"
"1"," [673]"
"1"," ""102S6ea5a"""
"1"," ""102S6ea5a"""
"1"," ""102S6ea5a"""
"1"," ""102S6ea5a"""
"1"," ""102S6ea5a"""
"1"," ""102S6ea5a"""
"1"," ""102S6ea5a"""
"1"," ""102S6ea5a"""
"1","
"
"1"," [681]"
"1"," ""102S6ea5a"""
"1"," ""102S6ea5a"""
"1"," ""102S6ea5a"""
"1"," ""102S6ea5a"""
"1"," ""102S6ea5a"""
"1"," ""102S6ea5a"""
"1"," ""102S6ea5a"""
"1"," ""102S6ea5a"""
"1","
"
"1"," [689]"
"1"," ""e03S6a6ed"""
"1"," ""e03S6a6ed"""
"1"," ""e03S6a6ed"""
"1"," ""e03S6a6ed"""
"1"," ""e03S6a6ed"""
"1"," ""e03S6a6ed"""
"1"," ""e03S6a6ed"""
"1"," ""e03S6a6ed"""
"1","
"
"1"," [697]"
"1"," ""e03S6a6ed"""
"1"," ""e03S6a6ed"""
"1"," ""e03S6a6ed"""
"1"," ""e03S6a6ed"""
"1"," ""e03S6a6ed"""
"1"," ""e03S6a6ed"""
"1"," ""e03S6a6ed"""
"1"," ""e03S6a6ed"""
"1","
"
"1"," [705]"
"1"," ""e03S6a6ed"""
"1"," ""e03S6a6ed"""
"1"," ""e03S6a6ed"""
"1"," ""e03S6a6ed"""
"1"," ""e03S6a6ed"""
"1"," ""e03S6a6ed"""
"1"," ""e03S6a6ed"""
"1"," ""e03S6a6ed"""
"1","
"
"1"," [713]"
"1"," ""e03S6a6ed"""
"1"," ""e03S6a6ed"""
"1"," ""e03S6a6ed"""
"1"," ""e03S6a6ed"""
"1"," ""e03S6a6ed"""
"1"," ""e03S6a6ed"""
"1"," ""e03S6a6ed"""
"1"," ""e03S6a6ed"""
"1","
"
"1"," [721]"
"1"," ""e03S6a6ed"""
"1"," ""e03S6a6ed"""
"1"," ""e03S6a6ed"""
"1"," ""e03S6a6ed"""
"1"," ""e03S6a6ed"""
"1"," ""e03S6a6ed"""
"1"," ""e03S6a6ed"""
"1"," ""e03S6a6ed"""
"1","
"
"1"," [729]"
"1"," ""e03S6a6ed"""
"1"," ""e03S6a6ed"""
"1"," ""e03S6a6ed"""
"1"," ""e03S6a6ed"""
"1"," ""e03S6a6ed"""
"1"," ""e03S6a6ed"""
"1"," ""e03S6a6ed"""
"1"," ""e03S6a6ed"""
"1","
"
"1"," [737]"
"1"," ""e03S6a6ed"""
"1"," ""e03S6a6ed"""
"1"," ""e03S6a6ed"""
"1"," ""e03S6a6ed"""
"1"," ""e03S6a6ed"""
"1"," ""e03S6a6ed"""
"1"," ""e03S6a6ed"""
"1"," ""e03S6a6ed"""
"1","
"
"1"," [745]"
"1"," ""e03S6a6ed"""
"1"," ""e03S6a6ed"""
"1"," ""e03S6a6ed"""
"1"," ""e03S6a6ed"""
"1"," ""e03S6a6ed"""
"1"," ""e03S6a6ed"""
"1"," ""e03S6a6ed"""
"1"," ""e03S6a6ed"""
"1","
"
"1"," [753]"
"1"," ""4c1S60104"""
"1"," ""4c1S60104"""
"1"," ""4c1S60104"""
"1"," ""4c1S60104"""
"1"," ""4c1S60104"""
"1"," ""4c1S60104"""
"1"," ""4c1S60104"""
"1"," ""4c1S60104"""
"1","
"
"1"," [761]"
"1"," ""4c1S60104"""
"1"," ""4c1S60104"""
"1"," ""4c1S60104"""
"1"," ""4c1S60104"""
"1"," ""4c1S60104"""
"1"," ""4c1S60104"""
"1"," ""4c1S60104"""
"1"," ""4c1S60104"""
"1","
"
"1"," [769]"
"1"," ""4c1S60104"""
"1"," ""4c1S60104"""
"1"," ""4c1S60104"""
"1"," ""4c1S60104"""
"1"," ""4c1S60104"""
"1"," ""4c1S60104"""
"1"," ""4c1S60104"""
"1"," ""4c1S60104"""
"1","
"
"1"," [777]"
"1"," ""4c1S60104"""
"1"," ""4c1S60104"""
"1"," ""4c1S60104"""
"1"," ""4c1S60104"""
"1"," ""4c1S60104"""
"1"," ""4c1S60104"""
"1"," ""4c1S60104"""
"1"," ""4c1S60104"""
"1","
"
"1"," [785]"
"1"," ""4c1S60104"""
"1"," ""4c1S60104"""
"1"," ""4c1S60104"""
"1"," ""4c1S60104"""
"1"," ""4c1S60104"""
"1"," ""4c1S60104"""
"1"," ""4c1S60104"""
"1"," ""4c1S60104"""
"1","
"
"1"," [793]"
"1"," ""4c1S60104"""
"1"," ""4c1S60104"""
"1"," ""4c1S60104"""
"1"," ""4c1S60104"""
"1"," ""4c1S60104"""
"1"," ""4c1S60104"""
"1"," ""4c1S60104"""
"1"," ""4c1S60104"""
"1","
"
"1"," [801]"
"1"," ""4c1S60104"""
"1"," ""4c1S60104"""
"1"," ""4c1S60104"""
"1"," ""4c1S60104"""
"1"," ""4c1S60104"""
"1"," ""4c1S60104"""
"1"," ""4c1S60104"""
"1"," ""4c1S60104"""
"1","
"
"1"," [809]"
"1"," ""4c1S60104"""
"1"," ""4c1S60104"""
"1"," ""4c1S60104"""
"1"," ""4c1S60104"""
"1"," ""4c1S60104"""
"1"," ""4c1S60104"""
"1"," ""4c1S60104"""
"1"," ""4c1S60104"""
"1","
"
"1"," [817]"
"1"," ""4c1S60104"""
"1"," ""4c1S60104"""
"1"," ""4c1S60104"""
"1"," ""4c1S60104"""
"1"," ""647S6edcf"""
"1"," ""647S6edcf"""
"1"," ""647S6edcf"""
"1"," ""647S6edcf"""
"1","
"
"1"," [825]"
"1"," ""647S6edcf"""
"1"," ""647S6edcf"""
"1"," ""647S6edcf"""
"1"," ""647S6edcf"""
"1"," ""647S6edcf"""
"1"," ""647S6edcf"""
"1"," ""647S6edcf"""
"1"," ""647S6edcf"""
"1","
"
"1"," [833]"
"1"," ""647S6edcf"""
"1"," ""647S6edcf"""
"1"," ""647S6edcf"""
"1"," ""647S6edcf"""
"1"," ""647S6edcf"""
"1"," ""647S6edcf"""
"1"," ""647S6edcf"""
"1"," ""647S6edcf"""
"1","
"
"1"," [841]"
"1"," ""647S6edcf"""
"1"," ""647S6edcf"""
"1"," ""647S6edcf"""
"1"," ""647S6edcf"""
"1"," ""647S6edcf"""
"1"," ""647S6edcf"""
"1"," ""647S6edcf"""
"1"," ""647S6edcf"""
"1","
"
"1"," [849]"
"1"," ""647S6edcf"""
"1"," ""647S6edcf"""
"1"," ""647S6edcf"""
"1"," ""647S6edcf"""
"1"," ""647S6edcf"""
"1"," ""647S6edcf"""
"1"," ""647S6edcf"""
"1"," ""647S6edcf"""
"1","
"
"1"," [857]"
"1"," ""647S6edcf"""
"1"," ""647S6edcf"""
"1"," ""647S6edcf"""
"1"," ""647S6edcf"""
"1"," ""647S6edcf"""
"1"," ""647S6edcf"""
"1"," ""647S6edcf"""
"1"," ""647S6edcf"""
"1","
"
"1"," [865]"
"1"," ""647S6edcf"""
"1"," ""647S6edcf"""
"1"," ""647S6edcf"""
"1"," ""647S6edcf"""
"1"," ""647S6edcf"""
"1"," ""647S6edcf"""
"1"," ""647S6edcf"""
"1"," ""647S6edcf"""
"1","
"
"1"," [873]"
"1"," ""647S6edcf"""
"1"," ""647S6edcf"""
"1"," ""647S6edcf"""
"1"," ""647S6edcf"""
"1"," ""647S6edcf"""
"1"," ""647S6edcf"""
"1"," ""647S6edcf"""
"1"," ""647S6edcf"""
"1","
"
"1"," [881]"
"1"," ""647S6edcf"""
"1"," ""647S6edcf"""
"1"," ""647S6edcf"""
"1"," ""647S6edcf"""
"1"," ""647S6edcf"""
"1"," ""647S6edcf"""
"1"," ""647S6edcf"""
"1"," ""647S6edcf"""
"1","
"
"1"," [889]"
"1"," ""647S6edcf"""
"1"," ""647S6edcf"""
"1"," ""647S6edcf"""
"1"," ""647S6edcf"""
"1"," ""647S6edcf"""
"1"," ""647S6edcf"""
"1"," ""647S6edcf"""
"1"," ""647S6edcf"""
"1","
"
"1"," [897]"
"1"," ""647S6edcf"""
"1"," ""647S6edcf"""
"1"," ""647S6edcf"""
"1"," ""680S6aa3f"""
"1"," ""680S6aa3f"""
"1"," ""680S6aa3f"""
"1"," ""680S6aa3f"""
"1"," ""680S6aa3f"""
"1","
"
"1"," [905]"
"1"," ""680S6aa3f"""
"1"," ""680S6aa3f"""
"1"," ""680S6aa3f"""
"1"," ""680S6aa3f"""
"1"," ""680S6aa3f"""
"1"," ""680S6aa3f"""
"1"," ""680S6aa3f"""
"1"," ""680S6aa3f"""
"1","
"
"1"," [913]"
"1"," ""680S6aa3f"""
"1"," ""680S6aa3f"""
"1"," ""680S6aa3f"""
"1"," ""680S6aa3f"""
"1"," ""680S6aa3f"""
"1"," ""680S6aa3f"""
"1"," ""680S6aa3f"""
"1"," ""680S6aa3f"""
"1","
"
"1"," [921]"
"1"," ""680S6aa3f"""
"1"," ""680S6aa3f"""
"1"," ""680S6aa3f"""
"1"," ""680S6aa3f"""
"1"," ""680S6aa3f"""
"1"," ""680S6aa3f"""
"1"," ""680S6aa3f"""
"1"," ""680S6aa3f"""
"1","
"
"1"," [929]"
"1"," ""680S6aa3f"""
"1"," ""680S6aa3f"""
"1"," ""680S6aa3f"""
"1"," ""680S6aa3f"""
"1"," ""680S6aa3f"""
"1"," ""680S6aa3f"""
"1"," ""680S6aa3f"""
"1"," ""680S6aa3f"""
"1","
"
"1"," [937]"
"1"," ""680S6aa3f"""
"1"," ""680S6aa3f"""
"1"," ""680S6aa3f"""
"1"," ""680S6aa3f"""
"1"," ""680S6aa3f"""
"1"," ""680S6aa3f"""
"1"," ""680S6aa3f"""
"1"," ""680S6aa3f"""
"1","
"
"1"," [945]"
"1"," ""680S6aa3f"""
"1"," ""680S6aa3f"""
"1"," ""680S6aa3f"""
"1"," ""680S6aa3f"""
"1"," ""680S6aa3f"""
"1"," ""680S6aa3f"""
"1"," ""680S6aa3f"""
"1"," ""680S6aa3f"""
"1","
"
"1"," [953]"
"1"," ""680S6aa3f"""
"1"," ""680S6aa3f"""
"1"," ""680S6aa3f"""
"1"," ""680S6aa3f"""
"1"," ""680S6aa3f"""
"1"," ""680S6aa3f"""
"1"," ""680S6aa3f"""
"1"," ""680S6aa3f"""
"1","
"
"1"," [961]"
"1"," ""680S6aa3f"""
"1"," ""680S6aa3f"""
"1"," ""680S6aa3f"""
"1"," ""680S6aa3f"""
"1"," ""680S6aa3f"""
"1"," ""680S6aa3f"""
"1"," ""680S6aa3f"""
"1"," ""680S6aa3f"""
"1","
"
"1"," [969]"
"1"," ""680S6aa3f"""
"1"," ""5a1S60617"""
"1"," ""5a1S60617"""
"1"," ""5a1S60617"""
"1"," ""5a1S60617"""
"1"," ""5a1S60617"""
"1"," ""5a1S60617"""
"1"," ""5a1S60617"""
"1","
"
"1"," [977]"
"1"," ""5a1S60617"""
"1"," ""5a1S60617"""
"1"," ""5a1S60617"""
"1"," ""5a1S60617"""
"1"," ""5a1S60617"""
"1"," ""5a1S60617"""
"1"," ""5a1S60617"""
"1"," ""5a1S60617"""
"1","
"
"1"," [985]"
"1"," ""5a1S60617"""
"1"," ""5a1S60617"""
"1"," ""5a1S60617"""
"1"," ""5a1S60617"""
"1"," ""5a1S60617"""
"1"," ""5a1S60617"""
"1"," ""5a1S60617"""
"1"," ""5a1S60617"""
"1","
"
"1"," [993]"
"1"," ""5a1S60617"""
"1"," ""5a1S60617"""
"1"," ""5a1S60617"""
"1"," ""5a1S60617"""
"1"," ""5a1S60617"""
"1"," ""5a1S60617"""
"1"," ""5a1S60617"""
"1"," ""5a1S60617"""
"1","
"
"1"," [ reached getOption(""max.print"") -- omitted 15926 entries ]
"
"1","
"
"1","$學分數
"
"1","   [1]"
"1"," 2"
"1"," 3"
"1"," 0"
"1"," 3"
"1"," 3"
"1"," 2"
"1"," 4"
"1"," 2"
"1"," 1"
"1"," 0"
"1"," 2"
"1"," 3"
"1"," 0"
"1"," 3"
"1"," 3"
"1"," 2"
"1"," 3"
"1"," 4"
"1"," 2"
"1"," 1"
"1"," 0"
"1"," 3"
"1"," 2"
"1"," 3"
"1"," 2"
"1"," 3"
"1"," 3"
"1"," 3"
"1"," 2"
"1"," 0"
"1"," 3"
"1"," 3"
"1"," 3"
"1"," 2"
"1"," 2"
"1"," 2"
"1"," 3"
"1"," 3"
"1"," 2"
"1"," 0"
"1"," 2"
"1"," 2"
"1"," 2"
"1"," 3"
"1"," 2"
"1"," 2"
"1"," 3"
"1"," 3"
"1"," 2"
"1"," 2"
"1"," 2"
"1"," 2"
"1"," 2"
"1","
"
"1","  [54]"
"1"," 2"
"1"," 2"
"1"," 2"
"1"," 3"
"1"," 2"
"1"," 3"
"1"," 2"
"1"," 2"
"1"," 3"
"1"," 3"
"1"," 3"
"1"," 2"
"1"," 3"
"1"," 2"
"1"," 3"
"1"," 3"
"1"," 3"
"1"," 2"
"1"," 0"
"1"," 4"
"1"," 2"
"1"," 1"
"1"," 0"
"1"," 2"
"1"," 3"
"1"," 3"
"1"," 3"
"1"," 2"
"1"," 0"
"1"," 4"
"1"," 2"
"1"," 1"
"1"," 0"
"1"," 2"
"1"," 2"
"1"," 3"
"1"," 2"
"1"," 2"
"1"," 3"
"1"," 3"
"1"," 3"
"1"," 2"
"1"," 0"
"1"," 2"
"1"," 3"
"1"," 2"
"1"," 2"
"1"," 2"
"1"," 3"
"1"," 3"
"1"," 3"
"1"," 2"
"1"," 0"
"1","
"
"1"," [107]"
"1"," 2"
"1"," 2"
"1"," 2"
"1"," 2"
"1"," 2"
"1"," 2"
"1"," 2"
"1"," 3"
"1"," 2"
"1"," 2"
"1"," 3"
"1"," 2"
"1"," 2"
"1"," 2"
"1"," 2"
"1"," 2"
"1"," 2"
"1"," 2"
"1"," 2"
"1"," 3"
"1"," 2"
"1"," 3"
"1"," 2"
"1"," 2"
"1"," 2"
"1"," 2"
"1"," 2"
"1"," 2"
"1"," 3"
"1"," 2"
"1"," 2"
"1"," 3"
"1"," 3"
"1"," 3"
"1"," 2"
"1"," 0"
"1"," 4"
"1"," 2"
"1"," 1"
"1"," 0"
"1"," 2"
"1"," 3"
"1"," 3"
"1"," 3"
"1"," 2"
"1"," 0"
"1"," 3"
"1"," 4"
"1"," 2"
"1"," 1"
"1"," 0"
"1"," 3"
"1"," 2"
"1","
"
"1"," [160]"
"1"," 2"
"1"," 2"
"1"," 3"
"1"," 3"
"1"," 3"
"1"," 2"
"1"," 0"
"1"," 2"
"1"," 3"
"1"," 2"
"1"," 2"
"1"," 2"
"1"," 3"
"1"," 3"
"1"," 2"
"1"," 0"
"1"," 2"
"1"," 2"
"1"," 3"
"1"," 2"
"1"," 2"
"1"," 2"
"1"," 2"
"1"," 3"
"1"," 2"
"1"," 3"
"1"," 3"
"1"," 2"
"1"," 2"
"1"," 2"
"1"," 3"
"1"," 2"
"1"," 2"
"1"," 2"
"1"," 2"
"1"," 3"
"1"," 2"
"1"," 3"
"1"," 2"
"1"," 3"
"1"," 3"
"1"," 3"
"1"," 2"
"1"," 2"
"1"," 3"
"1"," 0"
"1"," 3"
"1"," 3"
"1"," 2"
"1"," 4"
"1"," 2"
"1"," 1"
"1"," 0"
"1","
"
"1"," [213]"
"1"," 3"
"1"," 0"
"1"," 3"
"1"," 3"
"1"," 2"
"1"," 3"
"1"," 4"
"1"," 2"
"1"," 1"
"1"," 0"
"1"," 4"
"1"," 3"
"1"," 2"
"1"," 2"
"1"," 2"
"1"," 2"
"1"," 3"
"1"," 3"
"1"," 3"
"1"," 0"
"1"," 4"
"1"," 3"
"1"," 2"
"1"," 2"
"1"," 2"
"1"," 3"
"1"," 3"
"1"," 3"
"1"," 0"
"1"," 2"
"1"," 2"
"1"," 2"
"1"," 3"
"1"," 2"
"1"," 2"
"1"," 3"
"1"," 3"
"1"," 2"
"1"," 2"
"1"," 3"
"1"," 3"
"1"," 2"
"1"," 2"
"1"," 3"
"1"," 2"
"1"," 2"
"1"," 3"
"1"," 2"
"1"," 2"
"1"," 3"
"1"," 3"
"1"," 2"
"1"," 3"
"1","
"
"1"," [266]"
"1"," 2"
"1"," 2"
"1"," 3"
"1"," 2"
"1"," 3"
"1"," 2"
"1"," 2"
"1"," 2"
"1"," 3"
"1"," 3"
"1"," 2"
"1"," 2"
"1"," 3"
"1"," 3"
"1"," 3"
"1"," 2"
"1"," 0"
"1"," 3"
"1"," 4"
"1"," 2"
"1"," 1"
"1"," 0"
"1"," 3"
"1"," 3"
"1"," 3"
"1"," 2"
"1"," 0"
"1"," 4"
"1"," 2"
"1"," 1"
"1"," 0"
"1"," 2"
"1"," 3"
"1"," 3"
"1"," 2"
"1"," 2"
"1"," 2"
"1"," 2"
"1"," 3"
"1"," 3"
"1"," 0"
"1"," 2"
"1"," 3"
"1"," 3"
"1"," 2"
"1"," 2"
"1"," 2"
"1"," 4"
"1"," 3"
"1"," 3"
"1"," 0"
"1"," 2"
"1"," 3"
"1","
"
"1"," [319]"
"1"," 0"
"1"," 3"
"1"," 3"
"1"," 2"
"1"," 4"
"1"," 2"
"1"," 1"
"1"," 0"
"1"," 2"
"1"," 3"
"1"," 0"
"1"," 3"
"1"," 3"
"1"," 2"
"1"," 3"
"1"," 4"
"1"," 2"
"1"," 1"
"1"," 0"
"1"," 4"
"1"," 3"
"1"," 3"
"1"," 2"
"1"," 3"
"1"," 3"
"1"," 3"
"1"," 2"
"1"," 0"
"1"," 4"
"1"," 3"
"1"," 2"
"1"," 3"
"1"," 3"
"1"," 3"
"1"," 2"
"1"," 0"
"1"," 2"
"1"," 2"
"1"," 2"
"1"," 3"
"1"," 3"
"1"," 2"
"1"," 3"
"1"," 2"
"1"," 2"
"1"," 3"
"1"," 3"
"1"," 2"
"1"," 3"
"1"," 3"
"1"," 3"
"1"," 2"
"1"," 3"
"1","
"
"1"," [372]"
"1"," 2"
"1"," 2"
"1"," 3"
"1"," 2"
"1"," 2"
"1"," 2"
"1"," 2"
"1"," 3"
"1"," 2"
"1"," 3"
"1"," 3"
"1"," 2"
"1"," 2"
"1"," 2"
"1"," 2"
"1"," 3"
"1"," 3"
"1"," 2"
"1"," 3"
"1"," 3"
"1"," 2"
"1"," 2"
"1"," 2"
"1"," 3"
"1"," 0"
"1"," 3"
"1"," 3"
"1"," 2"
"1"," 4"
"1"," 2"
"1"," 1"
"1"," 0"
"1"," 2"
"1"," 3"
"1"," 0"
"1"," 3"
"1"," 3"
"1"," 2"
"1"," 4"
"1"," 2"
"1"," 1"
"1"," 0"
"1"," 2"
"1"," 3"
"1"," 3"
"1"," 2"
"1"," 2"
"1"," 2"
"1"," 2"
"1"," 3"
"1"," 3"
"1"," 2"
"1"," 0"
"1","
"
"1"," [425]"
"1"," 2"
"1"," 3"
"1"," 2"
"1"," 2"
"1"," 2"
"1"," 3"
"1"," 3"
"1"," 3"
"1"," 0"
"1"," 2"
"1"," 2"
"1"," 2"
"1"," 2"
"1"," 3"
"1"," 3"
"1"," 3"
"1"," 2"
"1"," 3"
"1"," 1"
"1"," 2"
"1"," 2"
"1"," 2"
"1"," 2"
"1"," 3"
"1"," 2"
"1"," 2"
"1"," 3"
"1"," 2"
"1"," 1"
"1"," 2"
"1"," 2"
"1"," 3"
"1"," 2"
"1"," 2"
"1"," 3"
"1"," 3"
"1"," 3"
"1"," 2"
"1"," 2"
"1"," 3"
"1"," 3"
"1"," 3"
"1"," 2"
"1"," 0"
"1"," 4"
"1"," 2"
"1"," 1"
"1"," 0"
"1"," 2"
"1"," 3"
"1"," 3"
"1"," 3"
"1"," 2"
"1","
"
"1"," [478]"
"1"," 0"
"1"," 3"
"1"," 4"
"1"," 2"
"1"," 1"
"1"," 0"
"1"," 2"
"1"," 3"
"1"," 3"
"1"," 2"
"1"," 0"
"1"," 4"
"1"," 2"
"1"," 0"
"1"," 3"
"1"," 2"
"1"," 3"
"1"," 2"
"1"," 3"
"1"," 2"
"1"," 3"
"1"," 3"
"1"," 2"
"1"," 2"
"1"," 0"
"1"," 3"
"1"," 2"
"1"," 2"
"1"," 3"
"1"," 2"
"1"," 3"
"1"," 3"
"1"," 2"
"1"," 0"
"1"," 2"
"1"," 2"
"1"," 2"
"1"," 2"
"1"," 2"
"1"," 3"
"1"," 3"
"1"," 2"
"1"," 3"
"1"," 2"
"1"," 2"
"1"," 2"
"1"," 2"
"1"," 2"
"1"," 2"
"1"," 2"
"1"," 3"
"1"," 3"
"1"," 3"
"1","
"
"1"," [531]"
"1"," 2"
"1"," 3"
"1"," 1"
"1"," 3"
"1"," 3"
"1"," 0"
"1"," 2"
"1"," 1"
"1"," 2"
"1"," 3"
"1"," 2"
"1"," 0"
"1"," 2"
"1"," 3"
"1"," 3"
"1"," 3"
"1"," 2"
"1"," 0"
"1"," 4"
"1"," 2"
"1"," 1"
"1"," 0"
"1"," 2"
"1"," 3"
"1"," 3"
"1"," 3"
"1"," 2"
"1"," 0"
"1"," 4"
"1"," 2"
"1"," 1"
"1"," 0"
"1"," 3"
"1"," 3"
"1"," 3"
"1"," 2"
"1"," 2"
"1"," 2"
"1"," 3"
"1"," 3"
"1"," 3"
"1"," 3"
"1"," 0"
"1"," 3"
"1"," 3"
"1"," 2"
"1"," 2"
"1"," 2"
"1"," 3"
"1"," 3"
"1"," 3"
"1"," 3"
"1"," 0"
"1","
"
"1"," [584]"
"1"," 2"
"1"," 2"
"1"," 2"
"1"," 2"
"1"," 2"
"1"," 2"
"1"," 3"
"1"," 2"
"1"," 3"
"1"," 3"
"1"," 2"
"1"," 3"
"1"," 2"
"1"," 2"
"1"," 2"
"1"," 2"
"1"," 2"
"1"," 2"
"1"," 2"
"1"," 3"
"1"," 2"
"1"," 2"
"1"," 3"
"1"," 2"
"1"," 2"
"1"," 2"
"1"," 3"
"1"," 2"
"1"," 2"
"1"," 2"
"1"," 2"
"1"," 3"
"1"," 2"
"1"," 3"
"1"," 3"
"1"," 3"
"1"," 2"
"1"," 0"
"1"," 3"
"1"," 4"
"1"," 2"
"1"," 1"
"1"," 0"
"1"," 2"
"1"," 3"
"1"," 3"
"1"," 3"
"1"," 2"
"1"," 0"
"1"," 4"
"1"," 2"
"1"," 1"
"1"," 0"
"1","
"
"1"," [637]"
"1"," 3"
"1"," 3"
"1"," 3"
"1"," 2"
"1"," 3"
"1"," 3"
"1"," 2"
"1"," 2"
"1"," 3"
"1"," 0"
"1"," 3"
"1"," 2"
"1"," 3"
"1"," 2"
"1"," 2"
"1"," 2"
"1"," 3"
"1"," 2"
"1"," 3"
"1"," 2"
"1"," 0"
"1"," 2"
"1"," 2"
"1"," 2"
"1"," 2"
"1"," 2"
"1"," 2"
"1"," 3"
"1"," 2"
"1"," 2"
"1"," 3"
"1"," 3"
"1"," 2"
"1"," 2"
"1"," 2"
"1"," 2"
"1"," 2"
"1"," 2"
"1"," 2"
"1"," 2"
"1"," 2"
"1"," 2"
"1"," 3"
"1"," 3"
"1"," 2"
"1"," 3"
"1"," 0"
"1"," 3"
"1"," 3"
"1"," 2"
"1"," 3"
"1"," 2"
"1"," 2"
"1","
"
"1"," [690]"
"1"," 3"
"1"," 0"
"1"," 3"
"1"," 3"
"1"," 4"
"1"," 2"
"1"," 1"
"1"," 0"
"1"," 2"
"1"," 3"
"1"," 0"
"1"," 3"
"1"," 3"
"1"," 3"
"1"," 4"
"1"," 2"
"1"," 1"
"1"," 0"
"1"," 3"
"1"," 2"
"1"," 3"
"1"," 2"
"1"," 2"
"1"," 3"
"1"," 3"
"1"," 3"
"1"," 2"
"1"," 0"
"1"," 3"
"1"," 3"
"1"," 2"
"1"," 2"
"1"," 2"
"1"," 3"
"1"," 3"
"1"," 2"
"1"," 0"
"1"," 2"
"1"," 2"
"1"," 3"
"1"," 3"
"1"," 2"
"1"," 2"
"1"," 2"
"1"," 2"
"1"," 2"
"1"," 2"
"1"," 2"
"1"," 3"
"1"," 3"
"1"," 2"
"1"," 2"
"1"," 2"
"1","
"
"1"," [743]"
"1"," 2"
"1"," 2"
"1"," 2"
"1"," 3"
"1"," 3"
"1"," 3"
"1"," 3"
"1"," 2"
"1"," 3"
"1"," 3"
"1"," 2"
"1"," 3"
"1"," 0"
"1"," 3"
"1"," 3"
"1"," 2"
"1"," 3"
"1"," 4"
"1"," 2"
"1"," 1"
"1"," 0"
"1"," 2"
"1"," 3"
"1"," 0"
"1"," 3"
"1"," 3"
"1"," 2"
"1"," 2"
"1"," 4"
"1"," 2"
"1"," 1"
"1"," 0"
"1"," 3"
"1"," 2"
"1"," 2"
"1"," 3"
"1"," 3"
"1"," 3"
"1"," 3"
"1"," 0"
"1"," 3"
"1"," 3"
"1"," 3"
"1"," 3"
"1"," 3"
"1"," 3"
"1"," 3"
"1"," 0"
"1"," 2"
"1"," 2"
"1"," 2"
"1"," 2"
"1"," 2"
"1","
"
"1"," [796]"
"1"," 2"
"1"," 2"
"1"," 2"
"1"," 3"
"1"," 2"
"1"," 3"
"1"," 2"
"1"," 2"
"1"," 2"
"1"," 2"
"1"," 2"
"1"," 2"
"1"," 2"
"1"," 2"
"1"," 3"
"1"," 2"
"1"," 3"
"1"," 2"
"1"," 2"
"1"," 2"
"1"," 2"
"1"," 2"
"1"," 2"
"1"," 2"
"1"," 2"
"1"," 3"
"1"," 3"
"1"," 3"
"1"," 2"
"1"," 0"
"1"," 4"
"1"," 2"
"1"," 1"
"1"," 0"
"1"," 3"
"1"," 3"
"1"," 3"
"1"," 2"
"1"," 0"
"1"," 3"
"1"," 4"
"1"," 1"
"1"," 0"
"1"," 2"
"1"," 2"
"1"," 3"
"1"," 2"
"1"," 2"
"1"," 2"
"1"," 2"
"1"," 3"
"1"," 3"
"1"," 2"
"1","
"
"1"," [849]"
"1"," 0"
"1"," 2"
"1"," 3"
"1"," 2"
"1"," 3"
"1"," 2"
"1"," 2"
"1"," 3"
"1"," 3"
"1"," 2"
"1"," 3"
"1"," 0"
"1"," 2"
"1"," 2"
"1"," 2"
"1"," 2"
"1"," 2"
"1"," 2"
"1"," 2"
"1"," 2"
"1"," 3"
"1"," 2"
"1"," 3"
"1"," 2"
"1"," 2"
"1"," 2"
"1"," 2"
"1"," 2"
"1"," 2"
"1"," 3"
"1"," 2"
"1"," 2"
"1"," 3"
"1"," 3"
"1"," 2"
"1"," 2"
"1"," 3"
"1"," 2"
"1"," 2"
"1"," 2"
"1"," 2"
"1"," 2"
"1"," 2"
"1"," 2"
"1"," 2"
"1"," 2"
"1"," 2"
"1"," 3"
"1"," 3"
"1"," 3"
"1"," 2"
"1"," 2"
"1"," 3"
"1","
"
"1"," [902]"
"1"," 0"
"1"," 3"
"1"," 3"
"1"," 2"
"1"," 3"
"1"," 4"
"1"," 2"
"1"," 1"
"1"," 0"
"1"," 2"
"1"," 3"
"1"," 0"
"1"," 3"
"1"," 3"
"1"," 2"
"1"," 4"
"1"," 2"
"1"," 1"
"1"," 0"
"1"," 3"
"1"," 2"
"1"," 3"
"1"," 2"
"1"," 2"
"1"," 3"
"1"," 3"
"1"," 3"
"1"," 2"
"1"," 0"
"1"," 3"
"1"," 2"
"1"," 3"
"1"," 2"
"1"," 2"
"1"," 3"
"1"," 3"
"1"," 2"
"1"," 2"
"1"," 0"
"1"," 2"
"1"," 2"
"1"," 2"
"1"," 3"
"1"," 2"
"1"," 2"
"1"," 2"
"1"," 2"
"1"," 2"
"1"," 2"
"1"," 3"
"1"," 3"
"1"," 2"
"1"," 2"
"1","
"
"1"," [955]"
"1"," 2"
"1"," 2"
"1"," 2"
"1"," 2"
"1"," 2"
"1"," 3"
"1"," 3"
"1"," 3"
"1"," 2"
"1"," 2"
"1"," 2"
"1"," 3"
"1"," 2"
"1"," 2"
"1"," 2"
"1"," 2"
"1"," 3"
"1"," 3"
"1"," 3"
"1"," 3"
"1"," 2"
"1"," 0"
"1"," 4"
"1"," 2"
"1"," 1"
"1"," 0"
"1"," 2"
"1"," 3"
"1"," 3"
"1"," 3"
"1"," 2"
"1"," 0"
"1"," 3"
"1"," 4"
"1"," 2"
"1"," 1"
"1"," 0"
"1"," 3"
"1"," 2"
"1"," 2"
"1"," 2"
"1"," 2"
"1"," 3"
"1"," 3"
"1"," 2"
"1"," 0"
"1","
"
"1"," [ reached getOption(""max.print"") -- omitted 15926 entries ]
"
"1","
"
"1","$`必選修類別(必/選/通)`
"
"1","   [1]"
"1"," ""選"""
"1"," ""必"""
"1"," ""必"""
"1"," ""必"""
"1"," ""必"""
"1"," ""必"""
"1"," ""必"""
"1"," ""必"""
"1"," ""必"""
"1"," ""必"""
"1"," ""選"""
"1"," ""必"""
"1"," ""必"""
"1"," ""必"""
"1"," ""必"""
"1"," ""必"""
"1"," ""選"""
"1"," ""必"""
"1"," ""必"""
"1"," ""必"""
"1"," ""必"""
"1","
"
"1","  [22]"
"1"," ""選"""
"1"," ""通"""
"1"," ""必"""
"1"," ""選"""
"1"," ""必"""
"1"," ""必"""
"1"," ""必"""
"1"," ""選"""
"1"," ""必"""
"1"," ""選"""
"1"," ""必"""
"1"," ""選"""
"1"," ""選"""
"1"," ""選"""
"1"," ""通"""
"1"," ""必"""
"1"," ""必"""
"1"," ""選"""
"1"," ""必"""
"1"," ""必"""
"1"," ""選"""
"1","
"
"1","  [43]"
"1"," ""必"""
"1"," ""選"""
"1"," ""通"""
"1"," ""必"""
"1"," ""選"""
"1"," ""選"""
"1"," ""必"""
"1"," ""必"""
"1"," ""選"""
"1"," ""必"""
"1"," ""選"""
"1"," ""通"""
"1"," ""必"""
"1"," ""通"""
"1"," ""選"""
"1"," ""必"""
"1"," ""選"""
"1"," ""通"""
"1"," ""通"""
"1"," ""選"""
"1"," ""選"""
"1","
"
"1","  [64]"
"1"," ""必"""
"1"," ""通"""
"1"," ""選"""
"1"," ""選"""
"1"," ""必"""
"1"," ""必"""
"1"," ""必"""
"1"," ""必"""
"1"," ""必"""
"1"," ""必"""
"1"," ""必"""
"1"," ""必"""
"1"," ""必"""
"1"," ""選"""
"1"," ""必"""
"1"," ""必"""
"1"," ""必"""
"1"," ""必"""
"1"," ""必"""
"1"," ""必"""
"1"," ""必"""
"1","
"
"1","  [85]"
"1"," ""必"""
"1"," ""必"""
"1"," ""通"""
"1"," ""選"""
"1"," ""必"""
"1"," ""選"""
"1"," ""通"""
"1"," ""必"""
"1"," ""選"""
"1"," ""必"""
"1"," ""選"""
"1"," ""必"""
"1"," ""選"""
"1"," ""必"""
"1"," ""通"""
"1"," ""選"""
"1"," ""通"""
"1"," ""必"""
"1"," ""選"""
"1"," ""必"""
"1"," ""選"""
"1","
"
"1"," [106]"
"1"," ""必"""
"1"," ""必"""
"1"," ""選"""
"1"," ""必"""
"1"," ""選"""
"1"," ""通"""
"1"," ""選"""
"1"," ""必"""
"1"," ""選"""
"1"," ""必"""
"1"," ""選"""
"1"," ""選"""
"1"," ""必"""
"1"," ""必"""
"1"," ""選"""
"1"," ""通"""
"1"," ""選"""
"1"," ""必"""
"1"," ""必"""
"1"," ""選"""
"1"," ""必"""
"1","
"
"1"," [127]"
"1"," ""選"""
"1"," ""選"""
"1"," ""必"""
"1"," ""選"""
"1"," ""選"""
"1"," ""選"""
"1"," ""選"""
"1"," ""選"""
"1"," ""選"""
"1"," ""必"""
"1"," ""選"""
"1"," ""必"""
"1"," ""必"""
"1"," ""必"""
"1"," ""必"""
"1"," ""必"""
"1"," ""必"""
"1"," ""必"""
"1"," ""必"""
"1"," ""必"""
"1"," ""選"""
"1","
"
"1"," [148]"
"1"," ""必"""
"1"," ""必"""
"1"," ""必"""
"1"," ""必"""
"1"," ""必"""
"1"," ""選"""
"1"," ""必"""
"1"," ""必"""
"1"," ""必"""
"1"," ""必"""
"1"," ""必"""
"1"," ""通"""
"1"," ""選"""
"1"," ""選"""
"1"," ""必"""
"1"," ""必"""
"1"," ""必"""
"1"," ""選"""
"1"," ""必"""
"1"," ""通"""
"1"," ""必"""
"1","
"
"1"," [169]"
"1"," ""通"""
"1"," ""選"""
"1"," ""選"""
"1"," ""必"""
"1"," ""必"""
"1"," ""選"""
"1"," ""必"""
"1"," ""必"""
"1"," ""必"""
"1"," ""必"""
"1"," ""通"""
"1"," ""選"""
"1"," ""必"""
"1"," ""選"""
"1"," ""選"""
"1"," ""必"""
"1"," ""選"""
"1"," ""選"""
"1"," ""必"""
"1"," ""必"""
"1"," ""選"""
"1","
"
"1"," [190]"
"1"," ""必"""
"1"," ""通"""
"1"," ""選"""
"1"," ""必"""
"1"," ""必"""
"1"," ""選"""
"1"," ""選"""
"1"," ""必"""
"1"," ""通"""
"1"," ""選"""
"1"," ""選"""
"1"," ""選"""
"1"," ""選"""
"1"," ""必"""
"1"," ""必"""
"1"," ""必"""
"1"," ""必"""
"1"," ""必"""
"1"," ""必"""
"1"," ""必"""
"1"," ""必"""
"1","
"
"1"," [211]"
"1"," ""必"""
"1"," ""必"""
"1"," ""必"""
"1"," ""必"""
"1"," ""必"""
"1"," ""必"""
"1"," ""必"""
"1"," ""選"""
"1"," ""必"""
"1"," ""必"""
"1"," ""必"""
"1"," ""必"""
"1"," ""選"""
"1"," ""必"""
"1"," ""選"""
"1"," ""通"""
"1"," ""選"""
"1"," ""通"""
"1"," ""必"""
"1"," ""必"""
"1"," ""必"""
"1","
"
"1"," [232]"
"1"," ""必"""
"1"," ""選"""
"1"," ""必"""
"1"," ""選"""
"1"," ""選"""
"1"," ""通"""
"1"," ""必"""
"1"," ""必"""
"1"," ""選"""
"1"," ""必"""
"1"," ""通"""
"1"," ""必"""
"1"," ""必"""
"1"," ""選"""
"1"," ""選"""
"1"," ""選"""
"1"," ""必"""
"1"," ""選"""
"1"," ""必"""
"1"," ""選"""
"1"," ""選"""
"1","
"
"1"," [253]"
"1"," ""選"""
"1"," ""必"""
"1"," ""必"""
"1"," ""選"""
"1"," ""通"""
"1"," ""選"""
"1"," ""必"""
"1"," ""必"""
"1"," ""選"""
"1"," ""選"""
"1"," ""必"""
"1"," ""選"""
"1"," ""選"""
"1"," ""通"""
"1"," ""選"""
"1"," ""選"""
"1"," ""必"""
"1"," ""選"""
"1"," ""選"""
"1"," ""選"""
"1"," ""選"""
"1","
"
"1"," [274]"
"1"," ""選"""
"1"," ""必"""
"1"," ""必"""
"1"," ""通"""
"1"," ""必"""
"1"," ""必"""
"1"," ""必"""
"1"," ""必"""
"1"," ""必"""
"1"," ""選"""
"1"," ""必"""
"1"," ""必"""
"1"," ""必"""
"1"," ""必"""
"1"," ""必"""
"1"," ""必"""
"1"," ""必"""
"1"," ""必"""
"1"," ""必"""
"1"," ""必"""
"1"," ""必"""
"1","
"
"1"," [295]"
"1"," ""必"""
"1"," ""必"""
"1"," ""選"""
"1"," ""必"""
"1"," ""必"""
"1"," ""通"""
"1"," ""選"""
"1"," ""選"""
"1"," ""通"""
"1"," ""必"""
"1"," ""選"""
"1"," ""必"""
"1"," ""選"""
"1"," ""必"""
"1"," ""選"""
"1"," ""選"""
"1"," ""通"""
"1"," ""選"""
"1"," ""必"""
"1"," ""選"""
"1"," ""選"""
"1","
"
"1"," [316]"
"1"," ""必"""
"1"," ""選"""
"1"," ""必"""
"1"," ""必"""
"1"," ""必"""
"1"," ""必"""
"1"," ""必"""
"1"," ""必"""
"1"," ""必"""
"1"," ""必"""
"1"," ""必"""
"1"," ""選"""
"1"," ""必"""
"1"," ""必"""
"1"," ""必"""
"1"," ""必"""
"1"," ""必"""
"1"," ""選"""
"1"," ""必"""
"1"," ""必"""
"1"," ""必"""
"1","
"
"1"," [337]"
"1"," ""必"""
"1"," ""選"""
"1"," ""必"""
"1"," ""選"""
"1"," ""通"""
"1"," ""必"""
"1"," ""必"""
"1"," ""必"""
"1"," ""選"""
"1"," ""必"""
"1"," ""選"""
"1"," ""必"""
"1"," ""通"""
"1"," ""必"""
"1"," ""必"""
"1"," ""選"""
"1"," ""選"""
"1"," ""必"""
"1"," ""必"""
"1"," ""通"""
"1"," ""通"""
"1","
"
"1"," [358]"
"1"," ""選"""
"1"," ""選"""
"1"," ""通"""
"1"," ""必"""
"1"," ""必"""
"1"," ""選"""
"1"," ""選"""
"1"," ""選"""
"1"," ""必"""
"1"," ""選"""
"1"," ""選"""
"1"," ""選"""
"1"," ""通"""
"1"," ""必"""
"1"," ""必"""
"1"," ""選"""
"1"," ""必"""
"1"," ""必"""
"1"," ""選"""
"1"," ""選"""
"1"," ""選"""
"1","
"
"1"," [379]"
"1"," ""選"""
"1"," ""必"""
"1"," ""選"""
"1"," ""選"""
"1"," ""必"""
"1"," ""選"""
"1"," ""選"""
"1"," ""選"""
"1"," ""選"""
"1"," ""選"""
"1"," ""必"""
"1"," ""選"""
"1"," ""選"""
"1"," ""選"""
"1"," ""選"""
"1"," ""選"""
"1"," ""必"""
"1"," ""必"""
"1"," ""必"""
"1"," ""必"""
"1"," ""必"""
"1","
"
"1"," [400]"
"1"," ""必"""
"1"," ""必"""
"1"," ""必"""
"1"," ""必"""
"1"," ""選"""
"1"," ""必"""
"1"," ""必"""
"1"," ""必"""
"1"," ""必"""
"1"," ""必"""
"1"," ""必"""
"1"," ""必"""
"1"," ""必"""
"1"," ""必"""
"1"," ""通"""
"1"," ""必"""
"1"," ""必"""
"1"," ""選"""
"1"," ""選"""
"1"," ""選"""
"1"," ""通"""
"1","
"
"1"," [421]"
"1"," ""必"""
"1"," ""必"""
"1"," ""必"""
"1"," ""必"""
"1"," ""通"""
"1"," ""必"""
"1"," ""選"""
"1"," ""通"""
"1"," ""選"""
"1"," ""必"""
"1"," ""必"""
"1"," ""必"""
"1"," ""必"""
"1"," ""必"""
"1"," ""選"""
"1"," ""必"""
"1"," ""必"""
"1"," ""選"""
"1"," ""選"""
"1"," ""必"""
"1"," ""必"""
"1","
"
"1"," [442]"
"1"," ""選"""
"1"," ""選"""
"1"," ""必"""
"1"," ""通"""
"1"," ""選"""
"1"," ""必"""
"1"," ""選"""
"1"," ""通"""
"1"," ""必"""
"1"," ""選"""
"1"," ""必"""
"1"," ""選"""
"1"," ""通"""
"1"," ""通"""
"1"," ""選"""
"1"," ""選"""
"1"," ""通"""
"1"," ""選"""
"1"," ""必"""
"1"," ""選"""
"1"," ""選"""
"1","
"
"1"," [463]"
"1"," ""通"""
"1"," ""必"""
"1"," ""必"""
"1"," ""必"""
"1"," ""必"""
"1"," ""必"""
"1"," ""必"""
"1"," ""必"""
"1"," ""必"""
"1"," ""必"""
"1"," ""選"""
"1"," ""必"""
"1"," ""必"""
"1"," ""必"""
"1"," ""必"""
"1"," ""必"""
"1"," ""選"""
"1"," ""必"""
"1"," ""必"""
"1"," ""必"""
"1"," ""必"""
"1","
"
"1"," [484]"
"1"," ""選"""
"1"," ""必"""
"1"," ""必"""
"1"," ""必"""
"1"," ""必"""
"1"," ""必"""
"1"," ""必"""
"1"," ""必"""
"1"," ""必"""
"1"," ""通"""
"1"," ""選"""
"1"," ""選"""
"1"," ""必"""
"1"," ""選"""
"1"," ""必"""
"1"," ""必"""
"1"," ""選"""
"1"," ""選"""
"1"," ""必"""
"1"," ""必"""
"1"," ""選"""
"1","
"
"1"," [505]"
"1"," ""選"""
"1"," ""必"""
"1"," ""選"""
"1"," ""必"""
"1"," ""必"""
"1"," ""選"""
"1"," ""必"""
"1"," ""通"""
"1"," ""必"""
"1"," ""必"""
"1"," ""選"""
"1"," ""必"""
"1"," ""選"""
"1"," ""必"""
"1"," ""必"""
"1"," ""選"""
"1"," ""必"""
"1"," ""必"""
"1"," ""通"""
"1"," ""通"""
"1"," ""通"""
"1","
"
"1"," [526]"
"1"," ""必"""
"1"," ""必"""
"1"," ""選"""
"1"," ""選"""
"1"," ""必"""
"1"," ""選"""
"1"," ""選"""
"1"," ""必"""
"1"," ""選"""
"1"," ""選"""
"1"," ""必"""
"1"," ""選"""
"1"," ""必"""
"1"," ""選"""
"1"," ""選"""
"1"," ""通"""
"1"," ""必"""
"1"," ""選"""
"1"," ""必"""
"1"," ""必"""
"1"," ""必"""
"1","
"
"1"," [547]"
"1"," ""必"""
"1"," ""必"""
"1"," ""必"""
"1"," ""必"""
"1"," ""必"""
"1"," ""必"""
"1"," ""選"""
"1"," ""必"""
"1"," ""必"""
"1"," ""必"""
"1"," ""必"""
"1"," ""必"""
"1"," ""必"""
"1"," ""必"""
"1"," ""必"""
"1"," ""必"""
"1"," ""選"""
"1"," ""必"""
"1"," ""必"""
"1"," ""必"""
"1"," ""通"""
"1","
"
"1"," [568]"
"1"," ""選"""
"1"," ""必"""
"1"," ""必"""
"1"," ""必"""
"1"," ""選"""
"1"," ""必"""
"1"," ""選"""
"1"," ""必"""
"1"," ""必"""
"1"," ""選"""
"1"," ""選"""
"1"," ""必"""
"1"," ""必"""
"1"," ""必"""
"1"," ""必"""
"1"," ""必"""
"1"," ""必"""
"1"," ""選"""
"1"," ""通"""
"1"," ""必"""
"1"," ""選"""
"1","
"
"1"," [589]"
"1"," ""必"""
"1"," ""選"""
"1"," ""必"""
"1"," ""選"""
"1"," ""選"""
"1"," ""必"""
"1"," ""必"""
"1"," ""必"""
"1"," ""選"""
"1"," ""通"""
"1"," ""通"""
"1"," ""選"""
"1"," ""必"""
"1"," ""必"""
"1"," ""選"""
"1"," ""選"""
"1"," ""選"""
"1"," ""通"""
"1"," ""選"""
"1"," ""通"""
"1"," ""選"""
"1","
"
"1"," [610]"
"1"," ""選"""
"1"," ""選"""
"1"," ""通"""
"1"," ""選"""
"1"," ""選"""
"1"," ""選"""
"1"," ""選"""
"1"," ""必"""
"1"," ""必"""
"1"," ""必"""
"1"," ""必"""
"1"," ""必"""
"1"," ""選"""
"1"," ""必"""
"1"," ""必"""
"1"," ""必"""
"1"," ""必"""
"1"," ""選"""
"1"," ""必"""
"1"," ""必"""
"1"," ""必"""
"1","
"
"1"," [631]"
"1"," ""必"""
"1"," ""必"""
"1"," ""必"""
"1"," ""必"""
"1"," ""必"""
"1"," ""必"""
"1"," ""選"""
"1"," ""必"""
"1"," ""選"""
"1"," ""選"""
"1"," ""必"""
"1"," ""必"""
"1"," ""選"""
"1"," ""選"""
"1"," ""選"""
"1"," ""必"""
"1"," ""選"""
"1"," ""選"""
"1"," ""必"""
"1"," ""選"""
"1"," ""通"""
"1","
"
"1"," [652]"
"1"," ""選"""
"1"," ""必"""
"1"," ""通"""
"1"," ""必"""
"1"," ""選"""
"1"," ""必"""
"1"," ""通"""
"1"," ""必"""
"1"," ""必"""
"1"," ""選"""
"1"," ""選"""
"1"," ""必"""
"1"," ""選"""
"1"," ""必"""
"1"," ""選"""
"1"," ""選"""
"1"," ""選"""
"1"," ""必"""
"1"," ""必"""
"1"," ""選"""
"1"," ""通"""
"1","
"
"1"," [673]"
"1"," ""必"""
"1"," ""通"""
"1"," ""選"""
"1"," ""必"""
"1"," ""必"""
"1"," ""選"""
"1"," ""必"""
"1"," ""選"""
"1"," ""選"""
"1"," ""選"""
"1"," ""必"""
"1"," ""選"""
"1"," ""必"""
"1"," ""選"""
"1"," ""選"""
"1"," ""通"""
"1"," ""選"""
"1"," ""必"""
"1"," ""必"""
"1"," ""必"""
"1"," ""必"""
"1","
"
"1"," [694]"
"1"," ""必"""
"1"," ""必"""
"1"," ""必"""
"1"," ""必"""
"1"," ""選"""
"1"," ""必"""
"1"," ""必"""
"1"," ""必"""
"1"," ""必"""
"1"," ""選"""
"1"," ""必"""
"1"," ""必"""
"1"," ""必"""
"1"," ""必"""
"1"," ""選"""
"1"," ""通"""
"1"," ""必"""
"1"," ""必"""
"1"," ""選"""
"1"," ""必"""
"1"," ""必"""
"1","
"
"1"," [715]"
"1"," ""必"""
"1"," ""選"""
"1"," ""必"""
"1"," ""選"""
"1"," ""必"""
"1"," ""通"""
"1"," ""必"""
"1"," ""選"""
"1"," ""必"""
"1"," ""必"""
"1"," ""選"""
"1"," ""必"""
"1"," ""必"""
"1"," ""必"""
"1"," ""必"""
"1"," ""選"""
"1"," ""選"""
"1"," ""必"""
"1"," ""通"""
"1"," ""必"""
"1"," ""選"""
"1","
"
"1"," [736]"
"1"," ""必"""
"1"," ""必"""
"1"," ""選"""
"1"," ""必"""
"1"," ""選"""
"1"," ""必"""
"1"," ""必"""
"1"," ""選"""
"1"," ""通"""
"1"," ""通"""
"1"," ""必"""
"1"," ""必"""
"1"," ""必"""
"1"," ""必"""
"1"," ""通"""
"1"," ""選"""
"1"," ""必"""
"1"," ""選"""
"1"," ""必"""
"1"," ""必"""
"1"," ""必"""
"1","
"
"1"," [757]"
"1"," ""必"""
"1"," ""必"""
"1"," ""選"""
"1"," ""必"""
"1"," ""必"""
"1"," ""必"""
"1"," ""必"""
"1"," ""選"""
"1"," ""必"""
"1"," ""必"""
"1"," ""必"""
"1"," ""必"""
"1"," ""必"""
"1"," ""通"""
"1"," ""必"""
"1"," ""必"""
"1"," ""必"""
"1"," ""必"""
"1"," ""必"""
"1"," ""通"""
"1"," ""通"""
"1","
"
"1"," [778]"
"1"," ""必"""
"1"," ""選"""
"1"," ""選"""
"1"," ""必"""
"1"," ""必"""
"1"," ""必"""
"1"," ""選"""
"1"," ""必"""
"1"," ""選"""
"1"," ""選"""
"1"," ""必"""
"1"," ""選"""
"1"," ""必"""
"1"," ""必"""
"1"," ""選"""
"1"," ""必"""
"1"," ""選"""
"1"," ""必"""
"1"," ""必"""
"1"," ""選"""
"1"," ""選"""
"1","
"
"1"," [799]"
"1"," ""選"""
"1"," ""通"""
"1"," ""選"""
"1"," ""必"""
"1"," ""必"""
"1"," ""選"""
"1"," ""必"""
"1"," ""必"""
"1"," ""選"""
"1"," ""選"""
"1"," ""通"""
"1"," ""選"""
"1"," ""通"""
"1"," ""必"""
"1"," ""選"""
"1"," ""選"""
"1"," ""選"""
"1"," ""必"""
"1"," ""選"""
"1"," ""選"""
"1"," ""通"""
"1","
"
"1"," [820]"
"1"," ""選"""
"1"," ""必"""
"1"," ""必"""
"1"," ""必"""
"1"," ""必"""
"1"," ""必"""
"1"," ""必"""
"1"," ""必"""
"1"," ""必"""
"1"," ""必"""
"1"," ""必"""
"1"," ""必"""
"1"," ""必"""
"1"," ""必"""
"1"," ""必"""
"1"," ""選"""
"1"," ""必"""
"1"," ""必"""
"1"," ""必"""
"1"," ""通"""
"1"," ""選"""
"1","
"
"1"," [841]"
"1"," ""必"""
"1"," ""通"""
"1"," ""選"""
"1"," ""選"""
"1"," ""通"""
"1"," ""必"""
"1"," ""必"""
"1"," ""選"""
"1"," ""必"""
"1"," ""選"""
"1"," ""必"""
"1"," ""通"""
"1"," ""必"""
"1"," ""選"""
"1"," ""選"""
"1"," ""必"""
"1"," ""必"""
"1"," ""選"""
"1"," ""選"""
"1"," ""必"""
"1"," ""選"""
"1","
"
"1"," [862]"
"1"," ""通"""
"1"," ""必"""
"1"," ""必"""
"1"," ""必"""
"1"," ""選"""
"1"," ""選"""
"1"," ""必"""
"1"," ""選"""
"1"," ""必"""
"1"," ""選"""
"1"," ""必"""
"1"," ""必"""
"1"," ""選"""
"1"," ""選"""
"1"," ""選"""
"1"," ""必"""
"1"," ""選"""
"1"," ""必"""
"1"," ""通"""
"1"," ""必"""
"1"," ""選"""
"1","
"
"1"," [883]"
"1"," ""必"""
"1"," ""選"""
"1"," ""選"""
"1"," ""選"""
"1"," ""選"""
"1"," ""選"""
"1"," ""通"""
"1"," ""通"""
"1"," ""必"""
"1"," ""選"""
"1"," ""選"""
"1"," ""通"""
"1"," ""選"""
"1"," ""必"""
"1"," ""選"""
"1"," ""必"""
"1"," ""通"""
"1"," ""選"""
"1"," ""必"""
"1"," ""必"""
"1"," ""必"""
"1","
"
"1"," [904]"
"1"," ""必"""
"1"," ""必"""
"1"," ""選"""
"1"," ""必"""
"1"," ""必"""
"1"," ""必"""
"1"," ""必"""
"1"," ""選"""
"1"," ""必"""
"1"," ""必"""
"1"," ""必"""
"1"," ""必"""
"1"," ""必"""
"1"," ""必"""
"1"," ""必"""
"1"," ""必"""
"1"," ""必"""
"1"," ""選"""
"1"," ""通"""
"1"," ""必"""
"1"," ""選"""
"1","
"
"1"," [925]"
"1"," ""選"""
"1"," ""必"""
"1"," ""必"""
"1"," ""必"""
"1"," ""選"""
"1"," ""必"""
"1"," ""選"""
"1"," ""通"""
"1"," ""必"""
"1"," ""選"""
"1"," ""選"""
"1"," ""必"""
"1"," ""必"""
"1"," ""選"""
"1"," ""通"""
"1"," ""必"""
"1"," ""必"""
"1"," ""選"""
"1"," ""必"""
"1"," ""必"""
"1"," ""選"""
"1","
"
"1"," [946]"
"1"," ""必"""
"1"," ""通"""
"1"," ""通"""
"1"," ""必"""
"1"," ""選"""
"1"," ""選"""
"1"," ""選"""
"1"," ""必"""
"1"," ""必"""
"1"," ""通"""
"1"," ""選"""
"1"," ""必"""
"1"," ""必"""
"1"," ""選"""
"1"," ""選"""
"1"," ""選"""
"1"," ""必"""
"1"," ""選"""
"1"," ""選"""
"1"," ""選"""
"1"," ""選"""
"1","
"
"1"," [967]"
"1"," ""選"""
"1"," ""選"""
"1"," ""選"""
"1"," ""選"""
"1"," ""選"""
"1"," ""必"""
"1"," ""必"""
"1"," ""必"""
"1"," ""必"""
"1"," ""必"""
"1"," ""必"""
"1"," ""必"""
"1"," ""必"""
"1"," ""必"""
"1"," ""選"""
"1"," ""必"""
"1"," ""必"""
"1"," ""必"""
"1"," ""必"""
"1"," ""必"""
"1"," ""選"""
"1","
"
"1"," [988]"
"1"," ""必"""
"1"," ""必"""
"1"," ""必"""
"1"," ""必"""
"1"," ""必"""
"1"," ""通"""
"1"," ""通"""
"1"," ""選"""
"1"," ""選"""
"1"," ""必"""
"1"," ""必"""
"1"," ""選"""
"1"," ""必"""
"1","
"
"1"," [ reached getOption(""max.print"") -- omitted 15926 entries ]
"
"1","
"
